"longitude","latitude","lastlatency","model_path","detection_confidence"
"4.2792851","50.8882029","274.5","models\unrealsim.pt","0.5"
"4.2793051","50.8882069","263.89999997615814","models\unrealsim.pt","0.5"
"4.2793516","50.8881505","221.30000007152557","models\unrealsim.pt","0.5"
"4.2792789","50.8881637","264.7000000476837","models\unrealsim.pt","0.5"
"4.2792909","50.8881451","205.5","models\unrealsim.pt","0.5"
"4.2793028","50.8882146","214.60000002384186","models\unrealsim.pt","0.5"
"4.2793229","50.8882113","300.60000002384186","models\unrealsim.pt","0.5"
"4.279271","50.8882108","300.0","models\unrealsim.pt","0.5"
"4.2792712","50.8882155","317.7999999523163","models\unrealsim.pt","0.5"
"4.2792655","50.8882073","265.0","models\unrealsim.pt","0.5"
"4.2792955","50.8881982","337.0","models\unrealsim.pt","0.5"
"4.2792939","50.8881987","299.1999999284744","models\unrealsim.pt","0.5"
"4.2792931","50.8882061","323.0","models\unrealsim.pt","0.5"
"4.2792956","50.8882084","266.10000002384186","models\unrealsim.pt","0.5"
"4.2793107","50.8882078","328.5","models\unrealsim.pt","0.5"
"4.2792897","50.88821","332.39999997615814","models\unrealsim.pt","0.5"
"4.2792846","50.8882145","282.5","models\unrealsim.pt","0.5"
"4.2792776","50.8882142","235.89999997615814","models\unrealsim.pt","0.5"
"4.2792803","50.8882132","216.69999992847443","models\unrealsim.pt","0.5"
"4.2792806","50.8882114","220.09999990463257","models\unrealsim.pt","0.5"
"4.2792789","50.8882035","372.2999999523163","models\unrealsim.pt","0.5"
"4.2792789","50.8881997","289.10000002384186","models\unrealsim.pt","0.5"
"4.2792751","50.8881569","239.29999995231628","models\unrealsim.pt","0.5"
"4.2792873","50.8882155","214.59999990463257","models\unrealsim.pt","0.5"
"4.2792873","50.8882151","201.89999997615814","models\unrealsim.pt","0.5"
"4.2792878","50.8882148","218.10000002384186","models\unrealsim.pt","0.5"
"4.2792798","50.8882153","225.0","models\unrealsim.pt","0.5"
"4.2792795","50.8882151","241.79999995231628","models\unrealsim.pt","0.5"
"4.2792551","50.8881822","278.60000002384186","models\unrealsim.pt","0.5"
"4.2793367","50.8881852","243.5","models\unrealsim.pt","0.5"
"4.2792141","50.8882941","264.0","models\unrealsim.pt","0.5"
"4.2792924","50.8882251","287.60000002384186","models\unrealsim.pt","0.5"
"4.279294","50.8882214","224.69999992847443","models\unrealsim.pt","0.5"
"4.2792811","50.8881786","295.89999997615814","models\unrealsim.pt","0.5"
"4.2792773","50.8881811","216.10000002384186","models\unrealsim.pt","0.5"
"4.2792678","50.8882137","266.5","models\unrealsim.pt","0.5"
"4.2792756","50.8882183","210.20000004768372","models\unrealsim.pt","0.5"
"4.2792564","50.8881881","214.19999992847443","models\unrealsim.pt","0.5"
"4.2792988","50.8882099","204.69999992847443","models\unrealsim.pt","0.5"
"4.2792829","50.8882208","202.39999997615814","models\unrealsim.pt","0.5"
"4.2792802","50.8882201","234.39999997615814","models\unrealsim.pt","0.5"
"4.2792775","50.8882214","215.89999997615814","models\unrealsim.pt","0.5"
"4.2792783","50.8882215","250.29999995231628","models\unrealsim.pt","0.5"
"4.278331385668446","50.888214117333234","203.2999997138977","models\unrealsim.pt","0.5"
"4.278331385668446","50.888214117333234","251.10000038146973","models\unrealsim.pt","0.5"
"4.278331385668446","50.888214117333234","214.39999961853027","models\unrealsim.pt","0.5"
"4.278331385668446","50.888214117333234","606.0","models\unrealsim.pt","0.5"
"4.278331385668446","50.888214117333234","232.7999997138977","models\unrealsim.pt","0.5"
"4.278331385668446","50.888214117333234","217.10000038146973","models\unrealsim.pt","0.5"
"4.278336510666155","50.888216113749884","244.2999997138977","models\unrealsim.pt","0.5"
"4.278336510666155","50.888216113749884","229.60000038146973","models\unrealsim.pt","0.5"
"4.278336510666155","50.888216113749884","309.09999990463257","models\unrealsim.pt","0.5"
"4.278336510666155","50.888216113749884","227.30000019073486","models\unrealsim.pt","0.5"
"4.278336510666155","50.888216113749884","265.5","models\unrealsim.pt","0.5"
"4.278336510666155","50.888216113749884","418.5","models\unrealsim.pt","0.5"
"4.278336510666155","50.888216113749884","213.09999990463257","models\unrealsim.pt","0.5"
"4.278336510666155","50.888216113749884","294.40000009536743","models\unrealsim.pt","0.5"
"4.278336510666155","50.888216113749884","203.5","models\unrealsim.pt","0.5"
"4.278336510666155","50.888216113749884","331.6000003814697","models\unrealsim.pt","0.5"
"4.2793789","50.8882611","270.0","models\unrealsim.pt","0.5"
"4.2793654","50.8882602","350.2999999523163","models\unrealsim.pt","0.5"
"4.2793428","50.8882587","267.39999997615814","models\unrealsim.pt","0.5"
"4.2793618","50.8882504","281.89999997615814","models\unrealsim.pt","0.5"
"4.2793531","50.8882769","266.59999990463257","models\unrealsim.pt","0.5"
"4.2793016","50.888239","297.10000002384186","models\unrealsim.pt","0.5"
"4.2792944","50.8882016","213.0","models\unrealsim.pt","0.5"
"4.2793033","50.88821","278.2999999523163","models\unrealsim.pt","0.5"
"","","272.0","models\unrealsim.pt","0.5"
"4.2793095","50.8882029","218.5","models\unrealsim.pt","0.5"
"4.2793057","50.8881994","311.3000000715256","models\unrealsim.pt","0.5"
"4.2792764","50.888209","244.29999995231628","models\unrealsim.pt","0.5"
"4.2792863","50.8882035","246.20000004768372","models\unrealsim.pt","0.5"
"4.2792905","50.8882084","207.29999995231628","models\unrealsim.pt","0.5"
"4.2792939","50.8882068","267.89999997615814","models\unrealsim.pt","0.5"
"4.2793017","50.8882021","263.39999997615814","models\unrealsim.pt","0.5"
"4.279298","50.8881991","293.0","models\unrealsim.pt","0.5"
"4.2793172","50.8882119","321.10000002384186","models\unrealsim.pt","0.5"
"4.2793005","50.888194","218.29999995231628","models\unrealsim.pt","0.5"
"4.279323","50.8881842","297.2000000476837","models\unrealsim.pt","0.5"
"4.2793156","50.8881968","310.39999997615814","models\unrealsim.pt","0.5"
"4.2792995","50.8882017","301.5","models\unrealsim.pt","0.5"
"4.2793889","50.8882634","244.60000002384186","models\unrealsim.pt","0.5"
"4.2793918","50.8882605","316.09999990463257","models\unrealsim.pt","0.5"
"4.2793387","50.8882455","224.5","models\unrealsim.pt","0.5"
"4.2793692","50.8882636","283.2999999523163","models\unrealsim.pt","0.5"
"4.2778567","50.8883187","324.60000002384186","models\unrealsim.pt","0.5"
"4.2798784","50.8887042","245.60000002384186","models\unrealsim.pt","0.5"
"4.2793302","50.8882556","305.7000000476837","models\unrealsim.pt","0.5"
"4.2793684","50.888262","228.5","models\unrealsim.pt","0.5"
"4.279349","50.888252","240.5","models\unrealsim.pt","0.5"
"4.279351","50.8882502","303.89999997615814","models\unrealsim.pt","0.5"
"4.2793536","50.8882594","312.10000002384186","models\unrealsim.pt","0.5"
"4.2793473","50.888257","257.40000009536743","models\unrealsim.pt","0.5"
"4.279349","50.8882567","275.0","models\unrealsim.pt","0.5"
"4.2793231","50.8882402","227.40000009536743","models\unrealsim.pt","0.5"
"4.2793306","50.8882319","315.10000002384186","models\unrealsim.pt","0.5"
"4.2792417","50.8882637","249.5","models\unrealsim.pt","0.5"
"4.2792017","50.8882606","321.3000000715256","models\unrealsim.pt","0.5"
"4.2793514","50.8882414","264.39999997615814","models\unrealsim.pt","0.5"
"4.2793609","50.8882487","243.80000007152557","models\unrealsim.pt","0.5"
"4.2793375","50.8882569","256.60000002384186","models\unrealsim.pt","0.5"
"4.2793376","50.8882589","270.39999997615814","models\unrealsim.pt","0.5"
"4.2793446","50.8882586","229.39999997615814","models\unrealsim.pt","0.5"
"4.2793384","50.8882557","247.80000007152557","models\unrealsim.pt","0.5"
"4.2793375","50.8882525","214.0","models\unrealsim.pt","0.5"
"4.2793443","50.8882536","216.29999995231628","models\unrealsim.pt","0.5"
"4.2793417","50.8882508","285.5","models\unrealsim.pt","0.5"
"4.2793422","50.8882492","226.29999995231628","models\unrealsim.pt","0.5"
"4.2793478","50.8882519","200.79999995231628","models\unrealsim.pt","0.5"
"4.2793463","50.8882544","307.5","models\unrealsim.pt","0.5"
"4.2793479","50.8882546","279.1999999284744","models\unrealsim.pt","0.5"
"4.2793467","50.8882538","235.0","models\unrealsim.pt","0.5"
"4.2793471","50.8882536","277.0","models\unrealsim.pt","0.5"
"4.2793594","50.8882509","313.5","models\unrealsim.pt","0.5"
"4.2793313","50.8882475","253.0","models\unrealsim.pt","0.5"
"4.2793326","50.8882485","305.7999999523163","models\unrealsim.pt","0.5"
"4.2793398","50.888248","260.2999999523163","models\unrealsim.pt","0.5"
"4.2793459","50.8882461","214.5","models\unrealsim.pt","0.5"
"4.2793444","50.8882455","276.2000000476837","models\unrealsim.pt","0.5"
"4.2793557","50.8882492","205.69999992847443","models\unrealsim.pt","0.5"
"4.2793438","50.8882488","324.7999999523163","models\unrealsim.pt","0.5"
"4.2793159","50.8882023","301.3000000715256","models\unrealsim.pt","0.5"
"4.2793206","50.8882504","251.60000002384186","models\unrealsim.pt","0.5"
"4.2792548","50.888076","242.39999997615814","models\unrealsim.pt","0.5"
"4.2793555","50.8882638","293.0","models\unrealsim.pt","0.5"
"4.2793488","50.8882432","354.7999999523163","models\unrealsim.pt","0.5"
"4.2793531","50.8882471","257.10000002384186","models\unrealsim.pt","0.5"
"4.2793601","50.8882497","232.70000004768372","models\unrealsim.pt","0.5"
"4.2793309","50.8882725","212.20000004768372","models\unrealsim.pt","0.5"
"4.2793614","50.8882724","258.60000002384186","models\unrealsim.pt","0.5"
"4.2793461","50.8882754","268.7000000476837","models\unrealsim.pt","0.5"
"4.2793431","50.8882575","232.60000002384186","models\unrealsim.pt","0.5"
"4.2793447","50.8882574","319.60000002384186","models\unrealsim.pt","0.5"
"4.2794036","50.8882385","290.60000002384186","models\unrealsim.pt","0.5"
"4.2793571","50.8882482","221.70000004768372","models\unrealsim.pt","0.5"
"4.2793592","50.8882763","251.89999997615814","models\unrealsim.pt","0.5"
"4.279349","50.888277","232.10000002384186","models\unrealsim.pt","0.5"
"4.2793346","50.8882789","222.0","models\unrealsim.pt","0.5"
"4.27932","50.8882787","209.0","models\unrealsim.pt","0.5"
"4.2793189","50.8882807","241.60000002384186","models\unrealsim.pt","0.5"
"4.279319","50.8882815","220.70000004768372","models\unrealsim.pt","0.5"
"4.2793224","50.8882719","252.79999995231628","models\unrealsim.pt","0.5"
"4.2793239","50.8882654","302.2999999523163","models\unrealsim.pt","0.5"
"4.2793304","50.8882636","298.7000000476837","models\unrealsim.pt","0.5"
"4.2793415","50.8882595","227.70000004768372","models\unrealsim.pt","0.5"
"4.2793534","50.8882566","284.6999999284744","models\unrealsim.pt","0.5"
"4.2793523","50.8882565","248.79999995231628","models\unrealsim.pt","0.5"
"4.2793558","50.8882578","284.09999990463257","models\unrealsim.pt","0.5"
"4.2793551","50.8882568","230.29999995231628","models\unrealsim.pt","0.5"
"4.2793483","50.8882573","245.29999995231628","models\unrealsim.pt","0.5"
"4.2793444","50.8882571","213.0","models\unrealsim.pt","0.5"
"4.2793281","50.8882505","320.2999999523163","models\unrealsim.pt","0.5"
"4.279331","50.888252","274.2000000476837","models\unrealsim.pt","0.5"
"4.2793363","50.8882538","309.3000000715256","models\unrealsim.pt","0.5"
"4.279339","50.8882538","298.60000002384186","models\unrealsim.pt","0.5"
"4.2793426","50.8882533","224.09999990463257","models\unrealsim.pt","0.5"
"4.2793433","50.8882541","237.20000004768372","models\unrealsim.pt","0.5"
"4.279348","50.8882556","235.10000002384186","models\unrealsim.pt","0.5"
"4.2793479","50.8882531","201.20000004768372","models\unrealsim.pt","0.5"
"4.279348","50.8882546","241.70000004768372","models\unrealsim.pt","0.5"
"4.2793514","50.8882562","231.70000004768372","models\unrealsim.pt","0.5"
"4.2793432","50.8882583","281.0","models\unrealsim.pt","0.5"
"4.2792783","50.8882588","256.0","models\unrealsim.pt","0.5"
"4.2793593","50.8882585","222.40000009536743","models\unrealsim.pt","0.5"
"4.279317","50.8882555","202.0","models\unrealsim.pt","0.5"
"4.2793009","50.8882513","225.59999990463257","models\unrealsim.pt","0.5"
"4.279301","50.8882577","206.59999990463257","models\unrealsim.pt","0.5"
"4.2793029","50.8882485","296.89999997615814","models\unrealsim.pt","0.5"
"4.2793468","50.8882519","298.8000000715256","models\unrealsim.pt","0.5"
"4.279365","50.8882644","342.8000000715256","models\unrealsim.pt","0.5"
"4.279338","50.8882521","251.10000002384186","models\unrealsim.pt","0.5"
"4.2793392","50.8882515","211.0","models\unrealsim.pt","0.5"
"4.2793199","50.8882484","281.60000002384186","models\unrealsim.pt","0.5"
"4.279323","50.8882505","207.0","models\unrealsim.pt","0.5"
"4.2793172","50.8882531","618.7000000476837","models\unrealsim.pt","0.5"
"4.279334","50.8882585","436.39999997615814","models\unrealsim.pt","0.5"
"4.279334","50.8882585","275.2000000476837","models\unrealsim.pt","0.5"
"4.2793588","50.8882855","343.7999999523163","models\unrealsim.pt","0.5"
"4.2793729","50.8882598","346.7000000476837","models\unrealsim.pt","0.5"
"4.2793704","50.8882565","282.2999999523163","models\unrealsim.pt","0.5"
"4.2793828","50.8882607","436.7999999523163","models\unrealsim.pt","0.5"
"4.2793461","50.888263","297.89999997615814","models\unrealsim.pt","0.5"
"","","370.2999999523163","models\unrealsim.pt","0.5"
"","","286.0","models\unrealsim.pt","0.5"
"4.2792863","50.8882335","277.2000000476837","models\unrealsim.pt","0.5"
"4.2793178","50.8882507","305.6999999284744","models\unrealsim.pt","0.5"
"4.2793473","50.8882539","230.89999997615814","models\unrealsim.pt","0.5"
"4.2793575","50.8882596","258.09999990463257","models\unrealsim.pt","0.5"
"4.2793349","50.8882577","282.7999999523163","models\unrealsim.pt","0.5"
"4.2793423","50.888259","278.7999999523163","models\unrealsim.pt","0.5"
"4.2793436","50.8882578","214.29999995231628","models\unrealsim.pt","0.5"
"4.2794316","50.8883063","307.10000002384186","models\unrealsim.pt","0.5"
"4.2793517","50.8882602","269.10000002384186","models\unrealsim.pt","0.5"
"4.2793363","50.8882519","268.1999999284744","models\unrealsim.pt","0.5"
"","","287.5","models\unrealsim.pt","0.5"
"4.2793556","50.8882593","308.60000002384186","models\unrealsim.pt","0.5"
"4.2793447","50.8882774","340.0","models\unrealsim.pt","0.5"
"4.2793422","50.8882659","426.8000000715256","models\unrealsim.pt","0.5"
"4.2793513","50.8882588","303.0","models\unrealsim.pt","0.5"
"4.2793427","50.8882573","324.8000000715256","models\unrealsim.pt","0.5"
"4.2793369","50.8882578","344.0","models\unrealsim.pt","0.5"
"4.2793413","50.8882597","278.6999999284744","models\unrealsim.pt","0.5"
"4.2793458","50.8882609","209.29999995231628","models\unrealsim.pt","0.5"
"4.2793512","50.8882592","292.2000000476837","models\unrealsim.pt","0.5"
"4.2793518","50.8882589","254.5","models\unrealsim.pt","0.5"
"4.2793486","50.8882603","201.30000007152557","models\unrealsim.pt","0.5"
"4.2793443","50.8882585","228.89999997615814","models\unrealsim.pt","0.5"
"4.2793364","50.8882577","230.59999990463257","models\unrealsim.pt","0.5"
"4.2793444","50.8882549","324.90000009536743","models\unrealsim.pt","0.5"
"4.2793521","50.8882552","258.89999997615814","models\unrealsim.pt","0.5"
"4.279363","50.8882551","221.20000004768372","models\unrealsim.pt","0.5"
"4.2793603","50.8882552","274.3000000715256","models\unrealsim.pt","0.5"
"4.2793667","50.8882578","237.09999990463257","models\unrealsim.pt","0.5"
"4.2793606","50.8882569","254.09999990463257","models\unrealsim.pt","0.5"
"4.2793612","50.8882578","218.20000004768372","models\unrealsim.pt","0.5"
"4.2793519","50.8882537","350.7000000476837","models\unrealsim.pt","0.5"
"4.2793494","50.8882593","425.2999999523163","models\unrealsim.pt","0.5"
"4.2793543","50.8882537","234.29999995231628","models\unrealsim.pt","0.5"
"4.2793562","50.8882598","334.89999997615814","models\unrealsim.pt","0.5"
"4.2793456","50.8882472","232.89999997615814","models\unrealsim.pt","0.5"
"4.2793428","50.8882457","250.20000004768372","models\unrealsim.pt","0.5"
"4.2793353","50.8882498","217.5","models\unrealsim.pt","0.5"
"4.279336","50.8882531","282.7999999523163","models\unrealsim.pt","0.5"
"","","293.59999990463257","models\unrealsim.pt","0.5"
"4.2793774","50.8882618","296.1999999284744","models\unrealsim.pt","0.5"
"4.2793397","50.8882412","226.39999997615814","models\unrealsim.pt","0.5"
"4.2793462","50.8882453","246.59999990463257","models\unrealsim.pt","0.5"
"4.2793445","50.888246","243.0","models\unrealsim.pt","0.5"
"4.2793427","50.8882472","217.39999997615814","models\unrealsim.pt","0.5"
"4.2793589","50.8882533","289.10000002384186","models\unrealsim.pt","0.5"
"4.27936","50.8882544","240.39999997615814","models\unrealsim.pt","0.5"
"4.2793599","50.8882557","247.29999995231628","models\unrealsim.pt","0.5"
"4.2793571","50.8882589","202.39999997615814","models\unrealsim.pt","0.5"
"4.2793416","50.888264","266.0","models\unrealsim.pt","0.5"
"4.2793361","50.8882595","236.10000002384186","models\unrealsim.pt","0.5"
"4.2793449","50.8882567","223.69999992847443","models\unrealsim.pt","0.5"
"4.279359","50.8882531","364.0","models\unrealsim.pt","0.5"
"4.2793598","50.8882508","398.2000000476837","models\unrealsim.pt","0.5"
"4.2793433","50.8882536","292.0","models\unrealsim.pt","0.5"
"4.2793667","50.88826","325.2000000476837","models\unrealsim.pt","0.5"
"4.2793667","50.88826","310.0","models\unrealsim.pt","0.5"
"4.2793725","50.8882594","328.10000002384186","models\unrealsim.pt","0.5"
"4.2793294","50.8882421","325.3000000715256","models\unrealsim.pt","0.5"
"4.2793342","50.8882512","321.2000000476837","models\unrealsim.pt","0.5"
"4.2793192","50.8882298","315.2000000476837","models\unrealsim.pt","0.5"
"4.2793762","50.8882614","322.6999999284744","models\unrealsim.pt","0.5"
"4.2793424","50.8882638","246.60000002384186","models\unrealsim.pt","0.5"
"4.2793371","50.8882633","229.20000004768372","models\unrealsim.pt","0.5"
"4.2793479","50.8882633","206.89999997615814","models\unrealsim.pt","0.5"
"4.2793547","50.8882637","296.2000000476837","models\unrealsim.pt","0.5"
"4.2793757","50.8882623","439.2999999523163","models\unrealsim.pt","0.5"
"","","248.0","models\unrealsim.pt","0.5"
"4.2793897","50.8882601","274.3000000715256","models\unrealsim.pt","0.5"
"4.2793611","50.8882524","259.5","models\unrealsim.pt","0.5"
"4.278941","50.8880851","217.19999992847443","models\unrealsim.pt","0.5"
"4.279344","50.8882193","337.5","models\unrealsim.pt","0.5"
"4.279344","50.8882193","267.89999997615814","models\unrealsim.pt","0.5"
"4.279323","50.8882446","265.7000000476837","models\unrealsim.pt","0.5"
"4.2793623","50.8882578","210.70000004768372","models\unrealsim.pt","0.5"
"4.2793618","50.888258","230.30000007152557","models\unrealsim.pt","0.5"
"4.2793477","50.8882569","293.8000000715256","models\unrealsim.pt","0.5"
"4.2793425","50.8882613","253.20000004768372","models\unrealsim.pt","0.5"
"4.2793353","50.8882615","265.6999999284744","models\unrealsim.pt","0.5"
"4.2793295","50.88826","321.60000002384186","models\unrealsim.pt","0.5"
"4.2793257","50.8882617","394.89999997615814","models\unrealsim.pt","0.5"
"4.2793395","50.8882576","254.40000009536743","models\unrealsim.pt","0.5"
"4.2793454","50.8882567","258.1999999284744","models\unrealsim.pt","0.5"
"4.2793454","50.8882567","265.6999999284744","models\unrealsim.pt","0.5"
"4.2793666","50.8882573","317.59999990463257","models\unrealsim.pt","0.5"
"4.2793432","50.8882622","217.19999992847443","models\unrealsim.pt","0.5"
"4.2793561","50.8882657","236.5","models\unrealsim.pt","0.5"
"4.2793526","50.8882626","326.5","models\unrealsim.pt","0.5"
"4.2793161","50.8882541","343.7999999523163","models\unrealsim.pt","0.5"
"4.2793201","50.8882557","344.8000000715256","models\unrealsim.pt","0.5"
"4.2794341","50.8883048","344.5","models\unrealsim.pt","0.5"
"4.279361","50.888275","246.69999992847443","models\unrealsim.pt","0.5"
"4.2793644","50.8882627","254.30000007152557","models\unrealsim.pt","0.5"
"4.2793633","50.8882599","208.79999995231628","models\unrealsim.pt","0.5"
"4.2793698","50.8882587","325.2000000476837","models\unrealsim.pt","0.5"
"4.2793701","50.888257","314.09999990463257","models\unrealsim.pt","0.5"
"4.2793709","50.8882575","202.19999992847443","models\unrealsim.pt","0.5"
"4.2793685","50.8882581","209.40000009536743","models\unrealsim.pt","0.5"
"4.2793622","50.8882569","332.0","models\unrealsim.pt","0.5"
"4.2793609","50.8882588","303.39999997615814","models\unrealsim.pt","0.5"
"4.2793706","50.8882582","295.60000002384186","models\unrealsim.pt","0.5"
"4.2793317","50.8882586","234.89999997615814","models\unrealsim.pt","0.5"
"4.2792507","50.8882397","309.5","models\unrealsim.pt","0.5"
"4.2793056","50.8882379","321.7000000476837","models\unrealsim.pt","0.5"
"4.2793212","50.8882461","258.39999997615814","models\unrealsim.pt","0.5"
"4.2793491","50.8882531","260.7999999523163","models\unrealsim.pt","0.5"
"4.2793297","50.8882535","256.2999999523163","models\unrealsim.pt","0.5"
"4.2793197","50.8882505","260.60000002384186","models\unrealsim.pt","0.5"
"4.2793171","50.8882527","304.39999997615814","models\unrealsim.pt","0.5"
"4.2793257","50.8882551","225.80000007152557","models\unrealsim.pt","0.5"
"4.2793298","50.8882548","213.40000009536743","models\unrealsim.pt","0.5"
"4.2793284","50.8882538","216.20000004768372","models\unrealsim.pt","0.5"
"4.2793334","50.8882554","465.90000009536743","models\unrealsim.pt","0.5"
"4.2794127","50.8882827","401.89999997615814","models\unrealsim.pt","0.5"
"4.2794127","50.8882827","1826.3999999761581","models\unrealsim.pt","0.5"
"4.2793674","50.888259","280.60000002384186","models\unrealsim.pt","0.5"
"4.2794207","50.8883094","301.1999999284744","models\unrealsim.pt","0.5"
"4.2793441","50.8882475","221.60000002384186","models\unrealsim.pt","0.5"
"4.2793394","50.8882485","248.0","models\unrealsim.pt","0.5"
"4.2793461","50.888248","236.19999992847443","models\unrealsim.pt","0.5"
"4.2793408","50.8882524","220.60000002384186","models\unrealsim.pt","0.5"
"4.2793361","50.8882528","254.29999995231628","models\unrealsim.pt","0.5"
"4.2793385","50.888253","224.0","models\unrealsim.pt","0.5"
"4.279435","50.8882223","259.0","models\unrealsim.pt","0.5"
"4.2793428","50.88825","218.30000007152557","models\unrealsim.pt","0.5"
"4.2793246","50.8882554","226.39999997615814","models\unrealsim.pt","0.5"
"4.2793246","50.8882554","239.5","models\unrealsim.pt","0.5"
"4.2793276","50.8882562","214.0","models\unrealsim.pt","0.5"
"4.2793231","50.8882561","234.19999992847443","models\unrealsim.pt","0.5"
"4.2793093","50.8882493","432.5","models\unrealsim.pt","0.5"
"4.2793736","50.888259","230.29999995231628","models\unrealsim.pt","0.5"
"4.2793795","50.8882571","272.7999999523163","models\unrealsim.pt","0.5"
"4.2793523","50.8882495","265.7000000476837","models\unrealsim.pt","0.5"
"4.2793587","50.8882534","302.60000002384186","models\unrealsim.pt","0.5"
"4.2793916","50.888259","380.5","models\unrealsim.pt","0.5"
"4.2795388","50.8882526","262.3000000715256","models\unrealsim.pt","0.5"
"4.279377","50.8882575","263.90000009536743","models\unrealsim.pt","0.5"
"4.2793681","50.8882592","309.7999999523163","models\unrealsim.pt","0.5"
"4.279372","50.8882603","282.60000002384186","models\unrealsim.pt","0.5"
"4.279035","50.8887142","234.30000007152557","models\unrealsim.pt","0.5"
"4.2792976","50.8883041","243.60000002384186","models\unrealsim.pt","0.5"
"4.2793177","50.8882545","540.7000000476837","models\unrealsim.pt","0.5"
"4.2793151","50.8882542","230.0","models\unrealsim.pt","0.5"
"4.2793126","50.888248","226.39999997615814","models\unrealsim.pt","0.5"
"4.2793335","50.8882518","276.60000002384186","models\unrealsim.pt","0.5"
"4.2793335","50.8882518","656.7999999523163","models\unrealsim.pt","0.5"
"4.279306","50.8882276","254.79999995231628","models\unrealsim.pt","0.5"
"4.2793826","50.888262","269.5","models\unrealsim.pt","0.5"
"4.2793116","50.8882558","282.89999997615814","models\unrealsim.pt","0.5"
"4.279374","50.88826","259.3000000715256","models\unrealsim.pt","0.5"
"4.279327","50.8882364","248.29999995231628","models\unrealsim.pt","0.5"
"4.2793129","50.8881951","253.19999992847443","models\unrealsim.pt","0.5"
"4.2793359","50.8882468","200.10000002384186","models\unrealsim.pt","0.5"
"4.2794541","50.888238","233.19999992847443","models\unrealsim.pt","0.5"
"4.2793704","50.8882494","205.59999990463257","models\unrealsim.pt","0.5"
"4.279378","50.8882523","266.5","models\unrealsim.pt","0.5"
"4.2793612","50.8882653","299.1999999284744","models\unrealsim.pt","0.5"
"4.2793551","50.8882622","226.0","models\unrealsim.pt","0.5"
"4.2793939","50.8882707","250.79999995231628","models\unrealsim.pt","0.5"
"4.2794183","50.8882668","249.30000007152557","models\unrealsim.pt","0.5"
"4.2793773","50.8882621","240.89999997615814","models\unrealsim.pt","0.5"
"4.2793647","50.8882636","285.10000002384186","models\unrealsim.pt","0.5"
"4.2793646","50.8882635","331.10000002384186","models\unrealsim.pt","0.5"
"4.2793638","50.8882643","279.1999999284744","models\unrealsim.pt","0.5"
"4.2793637","50.8882642","270.7000000476837","models\unrealsim.pt","0.5"
"4.2793604","50.8882641","237.79999995231628","models\unrealsim.pt","0.5"
"4.2793596","50.888264","233.30000007152557","models\unrealsim.pt","0.5"
"4.2793601","50.8882638","211.39999997615814","models\unrealsim.pt","0.5"
"4.2793596","50.8882635","242.90000009536743","models\unrealsim.pt","0.5"
"4.2793457","50.8882499","209.20000004768372","models\unrealsim.pt","0.5"
"4.2793664","50.8882534","263.2000000476837","models\unrealsim.pt","0.5"
"4.279366","50.888258","326.7000000476837","models\unrealsim.pt","0.5"
"4.2793377","50.8882657","309.8000000715256","models\unrealsim.pt","0.5"
"4.2793378","50.8882158","329.10000002384186","models\unrealsim.pt","0.5"
"4.2793378","50.8882158","389.8000000715256","models\unrealsim.pt","0.5"
"4.2793793","50.8882587","422.7000000476837","models\unrealsim.pt","0.5"
"4.2793784","50.8882621","347.3000000715256","models\unrealsim.pt","0.5"
"4.2794742","50.8882675","233.30000007152557","models\unrealsim.pt","0.5"
"4.2793282","50.8882478","276.6999999284744","models\unrealsim.pt","0.5"
"4.2793446","50.8882535","249.10000002384186","models\unrealsim.pt","0.5"
"4.2793509","50.8882574","272.10000002384186","models\unrealsim.pt","0.5"
"4.2793378","50.8882583","227.5","models\unrealsim.pt","0.5"
"4.2793383","50.8882556","299.60000002384186","models\unrealsim.pt","0.5"
"4.2793517","50.8882564","223.20000004768372","models\unrealsim.pt","0.5"
"4.2793491","50.888259","232.20000004768372","models\unrealsim.pt","0.5"
"4.2793503","50.8882589","446.0","models\unrealsim.pt","0.5"
"4.2794021","50.888256","213.19999992847443","models\unrealsim.pt","0.5"
"4.2793069","50.8882594","344.2999999523163","models\unrealsim.pt","0.5"
"4.2792681","50.8882662","333.90000009536743","models\unrealsim.pt","0.5"
"4.2793026","50.8882685","252.90000009536743","models\unrealsim.pt","0.5"
"4.2793654","50.8882618","221.79999995231628","models\unrealsim.pt","0.5"
"4.2793599","50.88826","257.5","models\unrealsim.pt","0.5"
"4.2793691","50.8882587","414.10000002384186","models\unrealsim.pt","0.5"
"4.2793724","50.8882605","326.7999999523163","models\unrealsim.pt","0.5"
"4.2793685","50.8882606","322.5","models\unrealsim.pt","0.5"
"4.2793763","50.8882608","338.39999997615814","models\unrealsim.pt","0.5"
"4.2793668","50.8882596","237.29999995231628","models\unrealsim.pt","0.5"
"4.2793555","50.8882542","233.19999992847443","models\unrealsim.pt","0.5"
"4.2793481","50.8882533","245.89999997615814","models\unrealsim.pt","0.5"
"4.2793417","50.8882627","276.0","models\unrealsim.pt","0.5"
"4.2793998","50.8882594","324.39999997615814","models\unrealsim.pt","0.5"
"4.2793676","50.8882478","327.60000002384186","models\unrealsim.pt","0.5"
"4.2793836","50.8882623","285.0","models\unrealsim.pt","0.5"
"4.2793692","50.8882609","282.10000002384186","models\unrealsim.pt","0.5"
"4.2793674","50.8882598","278.0","models\unrealsim.pt","0.5"
"4.2793668","50.8882599","207.10000002384186","models\unrealsim.pt","0.5"
"4.2793946","50.8882639","299.3000000715256","models\unrealsim.pt","0.5"
"4.279331","50.8882659","232.09999990463257","models\unrealsim.pt","0.5"
"4.2793259","50.8882598","200.80000007152557","models\unrealsim.pt","0.5"
"4.279325","50.8882578","238.19999992847443","models\unrealsim.pt","0.5"
"4.2793251","50.8882556","274.89999997615814","models\unrealsim.pt","0.5"
"4.2793271","50.8882543","458.39999997615814","models\unrealsim.pt","0.5"
"4.2793315","50.8882533","239.20000004768372","models\unrealsim.pt","0.5"
"4.2793356","50.8882534","226.60000002384186","models\unrealsim.pt","0.5"
"4.2793368","50.8882532","233.09999990463257","models\unrealsim.pt","0.5"
"4.2793401","50.8882532","246.5","models\unrealsim.pt","0.5"
"4.2793401","50.8882532","255.89999997615814","models\unrealsim.pt","0.5"
"4.279342","50.8882536","251.30000007152557","models\unrealsim.pt","0.5"
"4.2793415","50.888253","402.39999997615814","models\unrealsim.pt","0.5"
"4.2793417","50.8882529","223.20000004768372","models\unrealsim.pt","0.5"
"4.2793439","50.8882536","204.80000007152557","models\unrealsim.pt","0.5"
"4.2793453","50.8882543","241.39999997615814","models\unrealsim.pt","0.5"
"4.2793464","50.8882551","240.19999992847443","models\unrealsim.pt","0.5"
"4.2793456","50.8882556","279.39999997615814","models\unrealsim.pt","0.5"
"4.2793448","50.8882559","279.1999999284744","models\unrealsim.pt","0.5"
"4.2793734","50.8882597","329.2999999523163","models\unrealsim.pt","0.5"
"4.2793768","50.8882611","344.09999990463257","models\unrealsim.pt","0.5"
"4.2793615","50.8882595","266.39999997615814","models\unrealsim.pt","0.5"
"4.2793577","50.8882595","334.39999997615814","models\unrealsim.pt","0.5"
"4.279349","50.888258","211.60000002384186","models\unrealsim.pt","0.5"
"4.279349","50.888258","297.0","models\unrealsim.pt","0.5"
"4.279349","50.888258","325.39999997615814","models\unrealsim.pt","0.5"
"4.279349","50.888258","301.7000000476837","models\unrealsim.pt","0.5"
"4.2793571","50.8882564","260.09999990463257","models\unrealsim.pt","0.5"
"4.279356","50.8882557","583.3000000715256","models\unrealsim.pt","0.5"
"4.2792916","50.8882478","330.10000002384186","models\unrealsim.pt","0.5"
"4.2792916","50.8882478","348.09999990463257","models\unrealsim.pt","0.5"
"4.2792916","50.8882478","206.80000007152557","models\unrealsim.pt","0.5"
"4.2793159","50.8882497","250.10000002384186","models\unrealsim.pt","0.5"
"4.2793523","50.8882521","202.10000002384186","models\unrealsim.pt","0.5"
"4.2793554","50.8882529","236.29999995231628","models\unrealsim.pt","0.5"
"4.279334","50.8882563","322.0","models\unrealsim.pt","0.5"
"4.2793737","50.8882585","275.0","models\unrealsim.pt","0.5"
"4.279372","50.8882603","323.60000002384186","models\unrealsim.pt","0.5"
"4.2793759","50.8882601","312.0","models\unrealsim.pt","0.5"
"4.2794011","50.8882291","263.7999999523163","models\unrealsim.pt","0.5"
"4.2793612","50.8882237","265.7000000476837","models\unrealsim.pt","0.5"
"4.2793679","50.8882388","367.6999999284744","models\unrealsim.pt","0.5"
"4.2793799","50.8882598","329.7000000476837","models\unrealsim.pt","0.5"
"4.279332","50.8881094","273.3000000715256","models\unrealsim.pt","0.5"
"4.2793874","50.8882528","201.20000004768372","models\unrealsim.pt","0.5"
"4.2793689","50.8882667","308.09999990463257","models\unrealsim.pt","0.5"
"4.2793764","50.8882717","223.5","models\unrealsim.pt","0.5"
"4.2792547","50.8882919","283.0","models\unrealsim.pt","0.5"
"4.2792674","50.8882796","316.5","models\unrealsim.pt","0.5"
"4.2792674","50.8882796","307.7999999523163","models\unrealsim.pt","0.5"
"4.2793573","50.888258","251.40000009536743","models\unrealsim.pt","0.5"
"4.2793815","50.8882569","270.6999999284744","models\unrealsim.pt","0.5"
"4.2793597","50.8882603","310.40000009536743","models\unrealsim.pt","0.5"
"4.2793588","50.888255","297.6999999284744","models\unrealsim.pt","0.5"
"4.2793744","50.8882595","300.60000002384186","models\unrealsim.pt","0.5"
"4.2793123","50.8882203","220.79999995231628","models\unrealsim.pt","0.5"
"4.2793216","50.8882809","297.5","models\unrealsim.pt","0.5"
"4.2793216","50.8882809","782.3999999761581","models\unrealsim.pt","0.5"
"4.2793249","50.888253","267.10000002384186","models\unrealsim.pt","0.5"
"4.2793641","50.8882584","337.60000002384186","models\unrealsim.pt","0.5"
"4.2793839","50.8882606","291.39999997615814","models\unrealsim.pt","0.5"
"4.2794808","50.8882617","218.09999990463257","models\unrealsim.pt","0.5"
"4.2793635","50.8882443","294.2000000476837","models\unrealsim.pt","0.5"
"4.2793513","50.8882508","234.79999995231628","models\unrealsim.pt","0.5"
"4.2793515","50.8882534","278.8000000715256","models\unrealsim.pt","0.5"
"4.2793515","50.8882534","275.39999997615814","models\unrealsim.pt","0.5"
"4.2793439","50.8882439","415.0","models\unrealsim.pt","0.5"
"4.2793439","50.8882439","379.10000002384186","models\unrealsim.pt","0.5"
"4.2793439","50.8882439","345.1999999284744","models\unrealsim.pt","0.5"
"4.279368","50.8882585","305.7000000476837","models\unrealsim.pt","0.5"
"4.2792634","50.8882854","363.2000000476837","models\unrealsim.pt","0.5"
"4.2792283","50.888269","452.5","models\unrealsim.pt","0.5"
"4.279416","50.8882665","258.7000000476837","models\unrealsim.pt","0.5"
"4.279379","50.8882603","287.10000002384186","models\unrealsim.pt","0.5"
"4.2793709","50.8882611","240.0","models\unrealsim.pt","0.5"
"4.2794116","50.8882389","240.0","models\unrealsim.pt","0.5"
"4.2793318","50.888253","203.29999995231628","models\unrealsim.pt","0.5"
"4.2793562","50.888257","271.7999999523163","models\unrealsim.pt","0.5"
"4.27938","50.8882607","224.0","models\unrealsim.pt","0.5"
"4.279331","50.8882544","310.90000009536743","models\unrealsim.pt","0.5"
"4.279329","50.8882505","222.30000007152557","models\unrealsim.pt","0.5"
"4.2792247","50.8881852","342.60000002384186","models\laerbeekbos.pt","0.5"
"4.2792287","50.8881876","329.0","models\laerbeekbos.pt","0.5"
"4.2792284","50.8881913","338.7999999523163","models\laerbeekbos.pt","0.5"
